,mean,sd,mc_error,hpd_2.5,hpd_97.5,n_eff,Rhat
c,0.21419347248867154,1.0162445357094794,0.05145227487148567,-1.8154843752389382,2.117402968483916,59.69731102993242,1.0489143283627813
f_rotated___0,-0.47116161355451003,0.5374350331258505,0.027403363504406662,-1.7948224797274863,0.4866802051533161,132.87987960839556,1.018452775637999
f_rotated___1,0.18713576733624407,0.7696899545754474,0.054838140296493074,-1.4093771663395611,1.6560033510256635,2.569241470146456,1.3694964247579262
f_rotated___2,-0.6406272638148238,0.826757056657947,0.05755934658562304,-2.1336324542703604,1.0591143256536413,3.689095220671693,1.260406580227982
f_rotated___3,-0.36383739340606136,0.7562695496303813,0.043846041144208925,-1.6864898100017995,1.4092328564976282,21.026865837590496,1.097444400178026
f_rotated___4,0.20556817048065085,0.7141329180761558,0.04375608827028861,-1.5074985669500325,1.4721302767567157,12.833205170815399,1.1074641562346565
f_rotated___5,-0.091320320699854,0.6414021082579111,0.035699205032835,-1.5688816863129607,1.282774981726425,158.07236676624004,1.0118920317664735
f_rotated___6,-0.8406493539987979,0.992321023366071,0.07885785116657344,-2.2316125051724387,1.183135538385028,4.024476671771943,1.263999126085568
f_rotated___7,-0.03585710464475529,0.7252481465690769,0.0387838474336132,-1.6041547222092118,1.427632657938459,210.69941494071261,0.9995018492943862
f_rotated___8,0.8513642559619434,1.2626000918158464,0.10885418795090625,-1.6612986760335111,2.709654626531014,1.4031497775591424,1.993885648964028
f_rotated___9,0.6079207977430299,0.8504109800129085,0.05045245351921894,-1.1109727820482438,2.265939276674225,7.6215541665229285,1.1316319763321616
f_rotated___10,0.4720609670976429,0.7550934624159824,0.04831871406139216,-1.1796110189845763,1.8890495355389594,5.946026747692777,1.1576949486907708
f_rotated___11,-0.06238914122396354,0.7017003958228724,0.03036928592179678,-1.5027730048846661,1.2686432267296948,15.81004565897132,1.072024056606052
f_rotated___12,0.993836153262598,1.1613958419821895,0.0946335244018681,-1.4095000614365596,2.9934916198470534,1.537397697386446,1.8027331627159606
f_rotated___13,0.6205553085763638,0.9435648582695725,0.06838103209073061,-1.3372196925603035,2.3277638514833328,2.4898066337132527,1.3863238410177436
f_rotated___14,-0.28975014877662,0.8800636620126205,0.05174906770050245,-1.7761621012964333,1.6251986864726964,31.988519573043046,1.0547143095214748
f_rotated___15,0.28416096880676284,0.8129748059009896,0.03623207212673624,-1.230088189899649,2.114419375332554,387.92895612046294,1.001481547913798
f_rotated___16,0.33304945138562564,0.8917408885148027,0.05779482238503,-1.5445725165514888,2.1107052658714163,3.1513308635946498,1.2767499402938522
f_rotated___17,0.10708625789190342,0.8758962523427611,0.04615150288630327,-1.3777536896555396,1.9590744394417152,113.81991858261576,1.0027010467815043
f_rotated___18,0.18695748139211277,0.8617067646440375,0.04565368062322943,-1.527261843431248,1.8279240734226636,45.13904243309136,1.0486002267450891
f_rotated___19,-0.27780208275137047,0.8553035635821102,0.03960658839536291,-1.796940156986017,1.4423247225658584,327.8939874916112,1.0056291287514847
f_rotated___20,-0.07705269883669844,1.0117345140378653,0.06606245621258193,-2.1049171977495615,1.9217247862461249,36.63867324760773,1.0619388440322794
f_rotated___21,-0.47700819874270645,0.8509893110864541,0.04348236254238702,-1.971083688045247,1.320585289908605,136.15391624916515,1.0081152201797898
f_rotated___22,-0.08923313058725235,0.9204475268278026,0.04686222421242357,-1.8221317369975862,1.852424683538008,23.56365181825509,1.065412396022578
f_rotated___23,-0.17524640247152978,0.7722258331349006,0.029896173107998397,-1.5892577484079464,1.5083464949837904,559.0624188221636,1.0084040589344032
f_rotated___24,-0.5736680148004575,0.9879829744740928,0.061056602057356676,-2.1790194543834627,1.5344001279409576,38.95353300695214,1.0403183010027754
f_rotated___25,-0.5521974742112502,1.0038479972150156,0.06580786233906298,-2.257530206713183,1.438436568323172,6.618683036374928,1.1466833795356508
f_rotated___26,-0.006170186380362508,0.9285204210565607,0.050013233399206235,-1.8734872661837638,1.5821547773625673,19.768052350377637,1.0666509352306686
f_rotated___27,-0.24090201540700737,0.9550216108503533,0.05027730949640291,-1.9771060609898508,1.6579166406726018,22.647412871986717,1.0625423438941175
f_rotated___28,1.908012895721567e-05,1.039487759641679,0.05889444628587696,-1.8217117674311032,1.9283801518887989,100.3132822861216,1.0134689545755238
f_rotated___29,-0.10040531977574478,1.0186634409023925,0.054875010379243624,-1.909931781881035,1.8595598882905007,109.15425860715078,1.0000526197810748
f_rotated___30,-0.04762019388025372,0.9296024059354091,0.04736336722361037,-1.9345098116583432,1.5676652099429993,146.48740379015806,1.0070052087759584
f_rotated___31,0.499388571291743,0.9371322795219458,0.05809897027173785,-1.5443906996276195,2.023911775252366,10.679784386832873,1.1027683388848022
f_rotated___32,-0.08623211563075733,0.9660005910417363,0.04292589533354459,-2.042301640606064,1.5899915409607208,182.33705543702237,1.0233480138404203
f_rotated___33,-0.08857911233547477,0.948659777167026,0.04612014771648963,-1.8267403605853019,1.8674596356289448,67.5841736494622,1.0228602495013535
f_rotated___34,-0.025490219575909082,0.9353779750660434,0.04162756963905624,-1.7468624030224829,2.0163094890120847,183.20829701653366,1.009866567236219
f_rotated___35,0.4370225673682767,1.0416309986250776,0.061828581877590015,-1.6095886825414778,2.3753727263593696,52.78043207304391,1.0496456301531385
f_rotated___36,-0.20213502261776795,0.9640482739643176,0.0530433310486636,-2.033823731652077,1.555985560637505,63.25265051436187,1.0002983595085857
f_rotated___37,-0.20336305339053032,0.9776201018529032,0.04656855434908397,-2.094372411821523,1.5981318613614348,83.87524151968701,1.0003030683099279
f_rotated___38,0.0069345050593172825,0.9105113569120569,0.039094488016286844,-1.659308804635666,1.8998842788709533,494.0541048584583,0.9998330126750108
f_rotated___39,-0.3768281469900779,1.0092882239333223,0.059870382055307515,-2.120816365485966,1.6878192938886676,62.03945574191125,0.9996247985222917
f_rotated___40,-0.07868402123697314,0.9768896405517686,0.04978874761884734,-1.9886525765283243,1.7711707157130792,138.7713291076486,1.001498205174709
f_rotated___41,-0.057907449978278264,1.0961362341191616,0.06964149705315018,-2.012189738560078,2.1084658281624997,13.988275992463198,1.0758295006107605
f_rotated___42,0.11123160522685917,1.0493834128749624,0.0647086803825733,-1.5299735729822475,2.7816973044756006,53.021519388424466,1.043568899415654
f_rotated___43,0.24921305061804652,0.9982077891991391,0.06086352818115759,-1.5703988079499376,2.210575465993271,5.2292561004992075,1.1703260140586627
f_rotated___44,0.0019808980966125093,0.9343829979531929,0.04062554928868883,-1.7200292508492387,1.8747988486406324,309.37062414497933,1.0125834183332076
f_rotated___45,0.10210666349581313,1.0236626281166465,0.056449826572758675,-1.5566182435452702,2.1772661797144854,64.73775819828306,1.0021749501803776
f_rotated___46,-0.30335539614623763,0.9869695825896866,0.04635401030519231,-2.046820184207687,1.7401418816976486,181.50547972805873,0.9995254743688401
f_rotated___47,0.19682628438982472,0.9249284257203374,0.0431968752703262,-1.504762863089247,2.0160533262064795,86.03748844113507,1.0318599767897065
f_rotated___48,-0.07867318036081405,1.0871900342240945,0.07338737034150739,-2.11584547008826,1.8097140636653382,26.433545724856263,0.9996722659482726
f_rotated___49,0.18433899775839147,0.9869007544035114,0.042004319669950704,-1.732711026959918,2.181655997353717,330.75010750751994,1.0045129655618026
f_rotated___50,0.2662667299328391,0.897048469859637,0.030806693441113947,-1.5416569793283807,2.1153443836167765,517.4962144439651,1.0027342300986468
f_rotated___51,-0.11379909255349653,0.9224630156701634,0.0407640075725143,-1.816711537064456,1.8010481578295063,377.1065818789289,0.9996463567286918
f_rotated___52,-0.3427581217303544,0.9860899069089021,0.04869741440513371,-2.2525304848781493,1.4880741443979997,172.45139283476573,1.002466543510522
f_rotated___53,-0.019458837774642013,0.9377409550648536,0.03744297844628115,-1.9826327453369357,1.763142782620087,238.57032926672696,1.0172589661048304
f_rotated___54,-0.5525332665408142,1.0744455899450882,0.0695305760252549,-2.3477168247306945,1.295865326479697,45.71858477507068,1.002511917353258
f_rotated___55,0.029930457990041955,0.9088318422704428,0.03385129391094204,-1.7475885756344367,1.755102329494277,418.8642633585295,1.012365670736465
f_rotated___56,-0.0786285388702541,0.9115207880468521,0.04065884726241706,-1.912106783847704,1.65941999036322,363.72660989604134,1.0014941258700558
f_rotated___57,0.08231264923369778,0.9456325684891992,0.043849572211299266,-1.882180684188167,1.6593430053787175,167.17608641371731,1.00924622704033
f_rotated___58,0.05101280597377122,0.9880935637585027,0.04603903753552481,-1.8016643617136185,1.9310052181019055,214.4963549512469,1.0009707009504352
f_rotated___59,0.0488994933624112,0.9085475027976336,0.03440094654716762,-1.6639614197174943,1.9582706582191989,519.5104710421202,1.0047197107923689
f_rotated___60,-0.012911977442458736,0.9871807375730256,0.05256953191127319,-1.7921632707256363,1.8731227639540367,45.99199196304601,1.031260416996451
f_rotated___61,-0.1115735683806834,1.011839595698978,0.04500015433284084,-2.1291296070200407,1.8499890001407915,256.9882249883803,1.022478157961474
f_rotated___62,-0.0799092622663508,0.9365530229178582,0.038731308148717836,-1.9876592717734536,1.7123187794789858,331.662589717161,1.0057146898264342
f_rotated___63,-0.1040583950086323,1.08922280993834,0.07142837177285521,-2.3564588768867702,1.7966565023266514,47.56399488640448,0.9996238834675317
f_rotated___64,-0.09554435703752044,0.9031109920919916,0.038008477202536604,-1.9532454927415448,1.5479819135024866,409.8925438090752,1.000293211720094
f_rotated___65,-0.11579514741959546,0.9804937860257916,0.045718338637472364,-1.9433118904277331,1.7598944149085987,140.2994893992625,0.9995569999342309
f_rotated___66,-0.023911291123822835,0.8657960917617895,0.03373104594708596,-1.9562353810227384,1.596055837673317,590.7909202332066,0.9996160754165491
f_rotated___67,0.2861847250621505,1.0678324904529688,0.06334190501527823,-1.8497355571172072,2.197888959130491,51.18405041945877,1.0182069732356378
f_rotated___68,0.02785168160799975,1.024451557033079,0.05464826201065296,-1.7386033849396394,2.298417539036392,103.08118032551126,1.0028854115311143
f_rotated___69,0.2737070536466341,1.0164797511173422,0.05785872010271931,-1.6662627777963435,2.160939680831812,45.353873726728935,1.004467055920897
f_rotated___70,0.03522482154093785,0.9011439683221797,0.032257631309483926,-1.7272233699252184,1.8539675187249605,633.0424648237444,1.0057334967900398
f_rotated___71,-0.15585806157096382,0.9608091179228229,0.04338372043282555,-1.9840219599702786,1.589631705738428,168.44513470344722,1.005158243196523
f_rotated___72,0.06980647799978522,0.960102462697683,0.044755828132723406,-1.6917454571127193,1.9154239262662822,119.81824451480551,1.0003035906489475
f_rotated___73,-0.07975315372018486,0.9315352094981955,0.03634847733169631,-2.045772921279125,1.7039015677889153,482.2639589655413,1.008409121319399
f_rotated___74,0.1324358216348976,0.9071694325694308,0.03758344705409238,-1.6702764150988687,1.887214874607876,297.20813647637937,1.0060958549508976
f_rotated___75,0.02484172815925189,1.1128744541292874,0.0659068526185487,-1.864191727755303,2.5952796777863165,64.25399520793323,1.0173265086227623
f_rotated___76,0.13088776991027615,0.9387300113462999,0.0451739270687937,-1.70935613145642,1.884278363484978,160.5695551295872,1.004845179161059
f_rotated___77,-0.04871983761242817,0.9422954206153732,0.036811103607633115,-1.8735052683953168,1.8044387027126296,400.74205739872485,0.9996341733195573
f_rotated___78,0.14726174045518584,1.0392274469438363,0.0613807269609611,-1.6543621072654278,2.3066896156320715,47.60252831620544,1.0423215933353467
f_rotated___79,0.06836149067967398,0.9577834747217678,0.040492852447217856,-1.7899913296801395,1.868078710220236,200.15556069414788,1.0130902869223966
f_rotated___80,0.19027779887651358,1.0103112939265326,0.05602671119156866,-1.6718271743443407,2.194525932029846,69.55361612900407,1.0113215867433614
f_rotated___81,0.2786856692473405,1.1736784111137795,0.07614327509970889,-1.686627399256945,2.7593246266261775,19.11684388824636,1.0716708167915652
f_rotated___82,-0.07154094039963589,0.9123961300469459,0.030015061840163743,-1.7804042748611897,1.8155154529867468,745.1889471476285,0.9996894956943511
f_rotated___83,0.103437821136153,0.9367042167470774,0.043236330144041143,-1.916661666734723,1.8506970006716548,394.1089587042799,1.01809021434567
f_rotated___84,0.0016674552187447515,0.9443537347968693,0.04218031809028443,-1.829102127896416,1.7955011293974912,168.6151201312061,1.0046397790601425
f_rotated___85,0.06687925360469497,0.9830751922631386,0.04282093077027574,-1.8321831436765432,1.9589484445032717,90.46780364546699,1.033174441115652
f_rotated___86,-0.11608879788440196,1.015079235047602,0.05063524807737878,-1.887545214001952,2.114107428156223,183.61888404750047,0.9995106253703947
f_rotated___87,0.1435084831718512,0.9865559314849262,0.05527786175597974,-1.6723090129746074,1.8570034321428608,51.9342078371546,1.0324892910882588
f_rotated___88,0.06314351549909317,0.952201217673389,0.03930643493924854,-1.8262180144926592,1.9546663460386824,357.19517987811287,1.0088903100105235
f_rotated___89,-0.08078571247545248,1.053333409597212,0.047199971696146585,-2.1090860092196104,1.9853643029881707,408.6005571886921,1.001479418157138
f_rotated___90,-0.02028184398042022,1.1063988762752008,0.06674382862538619,-2.2839390627566822,2.1505336145563505,47.55967538766518,1.0260545114479909
f_rotated___91,0.10358515587703049,1.0307207886567769,0.04413511022211007,-1.9360723337780843,2.0559283944697673,385.55066355417523,0.9995130220981903
f_rotated___92,0.2061293983377014,1.0298686437578888,0.06082407984969507,-1.6987226052374962,2.0609831091290496,51.80186147099146,1.0169873082606942
f_rotated___93,0.1293878973886093,0.8699833367201146,0.03736891304244458,-1.61074355434276,1.8206107978344006,232.83736645131333,1.0004032872904434
f_rotated___94,-0.130023100680297,1.0338145678126536,0.05457681756479149,-2.1739904358852136,1.7047921609879844,90.84238704539672,1.0058290444268738
f_rotated___95,0.2625577532209597,1.013759859879079,0.05286054273954992,-1.6803232536187884,2.1935303920200773,29.906107577098396,1.0577694186670679
f_rotated___96,0.0697752331549877,0.9553141652444715,0.04357341076699137,-1.7780121819897454,1.9855345710642236,161.5623946652634,1.0191695965493097
f_rotated___97,-0.034584482783966315,0.9186053370922496,0.03163601295902179,-1.963774729892459,1.6981386174142263,644.317456794509,0.9995457517512563
f_rotated___98,0.06429604171203299,0.9869367345271651,0.04406933785696353,-1.924973093920892,1.9085588751072053,228.6915809776175,1.0115641088538287
f_rotated___99,-0.23016832203880264,1.0517028946670302,0.06363834814249127,-2.168506382307753,1.9074819977347923,39.82184382636307,1.0355861114930076
lambda_local_scale__0,298.93514542911515,7110.069969604905,267.094278530555,0.0001981570943557429,115.21584195075675,704.0107128518287,1.0012344861895843
lambda_local_scale__1,49.03511848841829,580.1057469411681,15.3328594869884,0.02332931138661336,109.54088012598508,1378.5168195041035,1.0024691757510447
lambda_local_scale__2,53.607518285504646,306.2090392310991,8.990518509336772,0.012483569833636174,168.44715944389725,39.64975967194962,1.0273446058889515
lambda_local_scale__3,49.72557523603824,371.95462376235685,15.028766837401866,0.004920699344935354,110.07710166652801,351.6743413622646,0.9995296082245136
lambda_local_scale__4,82.53546926361973,1005.095422558844,30.8655842111107,0.0034748134617804596,146.3670314006768,820.4018476885259,1.005571946760955
lambda_local_scale__5,2.5111304879247056,5.259535990152043,0.3048552185819638,0.0016860301400539405,10.788755975397171,44.49054787797649,1.0393157155826103
lambda_local_scale__6,1.3402778056869893,2.868894712898,0.08234003602732828,0.0032246119047196395,3.804589316462667,821.6617261067356,1.006714655483224
lambda_local_scale__7,1.5186499433834288,2.273650513253802,0.15422680061158406,0.0024202462735064944,6.2025993771562264,21.880650325506284,1.0760848517707113
lambda_local_scale__8,1.5514498164546586,3.043276084297602,0.12983871036703817,0.0015190749364990843,4.956813497910705,18.58783563080482,1.0613807895425944
lambda_local_scale__9,1.7781504338778433,2.6950684183358256,0.11388969354445733,0.0021874620721614797,5.607757209633772,579.7193695730147,1.0021772115626355
lambda_local_scale__10,1.6025108403694317,6.81801520900073,0.2509728158297702,0.000456991965066255,4.329364309459581,691.6576363861078,1.0019762811829496
lambda_local_scale__11,1.5585539687668686,2.3674349412584705,0.11927369749539737,0.00040782031415216965,4.842588806296448,13.614524208952098,1.0848144127055808
lambda_local_scale__12,1.3524166023462754,4.786307765294774,0.1510250987236027,0.0009813264597356584,3.6768725407675,935.4359968843911,1.0061589343004484
lambda_local_scale__13,1.1119143404923268,1.4027301588309853,0.058316421244787066,1.8213204230699423e-05,3.617759636112624,153.18600446244162,1.0301141356495072
lambda_local_scale__14,1.6215629340189008,3.073117951712183,0.1336237449709819,0.0015466873719816767,4.106927288934296,95.9429897147192,1.0317194827586345
lambda_local_scale__15,1.4205114481026166,3.4097575992714177,0.12607081674229526,1.9033554185295997e-05,4.086229552458451,392.18327553378214,1.0108275725935316
lambda_local_scale__16,1.7721527218869062,7.89180089803833,0.31577730586791536,0.0032472946247020353,4.299412788647346,291.7901592943833,1.011797516836592
lambda_local_scale__17,1.3291290732005563,2.3345688046958974,0.11683560887948283,0.0033108118508393017,4.341483958568519,55.32784344273724,1.0469715760013405
lambda_local_scale__18,1.9344305859347541,15.876249882547636,0.4735338520367183,0.0018162939493088566,3.6796703303946994,1108.7064064188023,1.0036118956016045
lambda_local_scale__19,2.249385792951575,9.013353067441068,0.3758770666184973,0.0007367462642767938,5.396687905417301,300.5490585556736,1.0121973252478014
sigma,0.9211438110610611,0.6874014248720901,0.04969379494333841,0.000993398443033543,2.2042210375890443,5.443146253617817,1.1840853962960296
psi,1.4547861391312114,0.6268045070131092,0.04726413910809076,0.7245779490487324,2.7725211448356473,29.808147830587245,1.0036222884982033
eta_1_base,4.583560448906123,8.024962428560185,0.4541627572162735,0.00020887651895579827,15.28499773319997,4.475932207048562,1.190025840227949
m_base,0.9398559698428686,0.261179988462736,0.012551230579268732,0.5444675807378678,1.4923333291692686,167.34346392157454,1.0021460743858153
f__0,-11.641733957065057,20.3922868438718,1.438764710074412,-45.01297550454246,1.3748227251176313,2.8672753631082775,1.3211640248902676
f__1,28.371724742547904,44.15659110667191,3.093047999830323,-5.474201216225009,124.80464582120392,1.871537577303887,1.5528513346149027
f__2,-27.236532952118782,34.56204406105415,2.7734280261778887,-96.57799291782676,1.5456878871999742,1.4324340675327183,1.9386526845384446
f__3,-64.6583316406915,83.86007742116657,6.623466859171789,-232.06917936483143,2.8282876333334133,1.4624179974021352,1.888302010707054
f__4,9.86712764106423,19.057195630654885,1.2149158435228686,-3.093954454042485,45.55828850365975,2.80333928669434,1.3273979542405303
f__5,-13.155954036689335,20.90152781168231,1.3857792866873482,-59.19039928367662,1.7934418011379334,2.1903602342136943,1.4312831628985228
f__6,-128.19536149957563,157.6163099432446,12.56487794379737,-439.444020027587,0.7600808026637105,1.4582295844161277,1.9045360629306551
f__7,-25.697096776219986,45.72194246875957,3.408402184445948,-96.6153445271689,1.5921663101800352,2.537637887604946,1.3616748328369046
f__8,93.71261785453213,119.03704015256305,10.056235141708045,-1.8017650370126381,311.59947376444387,1.4034060886157294,2.012972745626565
f__9,7.581238408389585,15.554016837001857,1.0768642793380643,-2.111382754713618,38.4350128857496,3.3069002499906928,1.270315379636454
f__10,9.125823616610738,16.305484942347565,1.025470785437444,-4.2988759971241395,44.72735715993995,2.3109704893992937,1.4008370908209844
f__11,20.163256468578105,28.0125735424619,2.1180051564466664,-1.3539255733529134,74.49908670645355,1.6994475946021832,1.6691292991631337
f__12,69.6687007362724,95.46826686428814,7.813232187361018,-2.0983139661057524,236.10939327440713,1.5782532440142927,1.7844243228771817
f__13,14.344451474423172,25.421401391858037,1.5816494534202012,-3.40422361559353,69.64153126759493,2.295985266869792,1.4059993384917868
f__14,-33.31536784462355,49.82172441761295,3.5871271175124932,-120.44085851490465,1.053023000188075,1.926875362295833,1.538222461625447
f__15,-47.818068930066175,67.64330725131559,5.278029795090658,-172.08203448455563,2.0027717620304077,1.669742916921075,1.6900227248890534
f__16,10.866828682515896,16.718161755466326,1.169084322815501,-2.8906080743505314,45.71948950657922,1.8487531592631294,1.5523571515214616
f__17,-16.3443529184726,23.690253798047657,1.6967191392663732,-65.77668017220577,1.725726516227509,1.730103576293815,1.6328620733044024
f__18,38.23668037472739,50.80581657943041,4.05016272982259,-2.6214021197731334,141.7336079710113,1.5238801631030285,1.8198054674955142
f__19,-49.08357646560056,67.00758496523939,5.30537066700543,-178.25940219181882,0.6977336450334848,1.6126735254011857,1.741243178565837
f__20,-64.88622389521825,91.79259280274249,7.3850140366926365,-222.9775315277845,0.9048988373044232,1.6753003147216279,1.686395960593496
f__21,-31.323131755405363,43.795378820579494,3.3354291808744945,-112.12814897091943,1.2224589552379794,1.7752570710531423,1.6238432679398427
f__22,48.948318469306244,71.2054537995262,5.589568351533646,-1.8108435581741695,178.6970545660291,1.712378672852048,1.6593962482764057
f__23,-68.12913246192004,92.31295053805117,7.535550182167816,-227.88101016019743,1.8510770904298046,1.5702564139849995,1.787289585931775
f__24,-43.19801314348264,71.37745331481929,5.5685813997957165,-148.7774769356636,0.4888510673074416,2.264802967108462,1.4277390084299977
f__25,-34.021864187018686,49.98144683655289,3.5566469572364605,-143.38616319271762,2.3119546459974805,1.8008635046132164,1.5909526136197143
f__26,-78.40150687519201,100.83440844070601,8.202300159592722,-268.3168941000063,2.137132268355561,1.4362542507114884,1.9483589862940163
f__27,-83.08800873585328,115.92727518521939,9.335854015995555,-274.6241472212024,0.8929570657515249,1.6903742339297558,1.6797850298130617
f__28,-19.922538657727557,26.56910277533961,2.1543650407400614,-68.4846898769991,1.1887645667150817,1.637201295667983,1.7234505037893124
f__29,-28.174393248385325,35.738337806356334,2.8297053290208325,-97.94170636938912,1.0790281572740443,1.4808121573503557,1.8747414046487776
f__30,-18.123728172098538,28.41189284679469,1.8523370424614658,-79.35296487362179,1.4970172769768277,2.0033738295826553,1.4838426718694906
f__31,19.09696645298949,30.880612383548314,1.9874669099468683,-1.9705293812927305,84.0452635028166,2.0648436060064164,1.4722419606781616
f__32,-12.215040433359736,19.173800220941295,1.3944098067225776,-50.60317441035086,1.2704163483919686,1.990840043496444,1.5013837000608083
f__33,-34.35100242269459,51.76630952814096,3.5342617379798833,-142.3368738210069,1.0960814434229649,2.1364843080559766,1.4557551212718345
f__34,-40.86903882068048,62.182929340533065,5.038924402436631,-135.74153856189017,1.0872197854112573,1.9313750763933524,1.539758360026712
f__35,165.24142225728863,210.55456179046237,17.826267609211435,-1.7937057985350418,540.9374284294202,1.4241042450464645,1.9850727542138655
f__36,-14.936865032477447,20.37502381299374,1.4627169064826175,-58.85832414044685,1.4959994621712693,1.6944075739566116,1.6411600929558494
f__37,-10.04031327935931,18.004999037244804,1.1207030148350194,-45.53144583818518,2.5132020860976376,2.5557920158305985,1.3513541915135991
f__38,-42.573566903257685,64.74716497372978,4.576583573696279,-163.61792996446127,2.8443437336801134,2.017875921631812,1.504362648187557
f__39,-74.96167765803277,108.62911847705,8.305858503492923,-286.58280949056285,1.317608716204635,1.8523070956093433,1.5874277030847808
f__40,-21.401908933832445,33.45029845718153,2.243908723119838,-91.9688408641054,2.949283111914401,2.1528867213046334,1.4412100643428467
f__41,-44.810264266883735,60.29868934655682,4.806095018110453,-162.18198000221946,1.1494790378488278,1.525788631562432,1.8195075652888941
f__42,-27.98633070408218,34.71343865711095,2.7763435969325294,-97.38075837275059,0.6201255137018402,1.418356064800062,1.971763597852071
f__43,4.639865687927744,8.398735320468997,0.4679951287924894,-3.0594404153042283,21.701062465505515,2.788333431724661,1.304721689400156
f__44,-12.903943866173215,18.40377850490012,1.318484952897013,-51.874700181702465,1.0698791125564315,1.7533693518861801,1.6112820609739018
f__45,-28.555373907313303,37.55625722733001,2.872294043302417,-103.19373136469709,2.383748492913094,1.6083855574184083,1.7266550571196466
f__46,-12.53293427722174,24.735647095154928,1.5632803760257334,-57.035158258022896,1.9968685369737194,3.2819014798169683,1.2736914235936576
f__47,7.994022766149706,13.34226490034615,0.8417509322431427,-1.9776823775164691,35.92453531301853,2.500194570505405,1.3522452698403835
f__48,-36.34025506403959,56.591806168946725,4.280033345513851,-127.20316305359727,1.6644655625640885,1.9786876203995785,1.51855422212995
f__49,57.239022042376206,76.16874483152358,6.166342289873716,-1.2923832262957389,198.3102674206534,1.5357325501943029,1.810624265601355
f__50,28.186256729615298,42.928217318669326,3.406909127051614,-3.0326597890325946,99.86865482679025,1.8404345779749332,1.59362334049452
f__51,-35.12504279146751,46.485497494509104,3.545720984974193,-128.99199960804557,0.7252118677523135,1.5530474331614756,1.7791967351654416
f__52,-12.38350763411351,18.39814995052215,1.3763016394448047,-47.50626135297563,1.1697511597169261,1.9076257634472706,1.5525256808634118
f__53,40.42833375318811,67.98733616345045,4.760605368617233,-1.9229749070851059,158.67011340859915,2.291591770273986,1.414233304594684
f__54,-53.86045714205936,78.50191175464828,5.514332950006603,-221.9645926449447,2.1861644071159754,1.8492330216703265,1.5532420222549315
f__55,-48.736007988411686,68.09878082013499,5.14142304239161,-183.0607777804219,1.5682106377386318,1.624142638212789,1.7160361802250281
f__56,-33.387328425756564,53.661460799172744,4.142559395676769,-117.43258340626477,2.3486477674203607,2.139191091172324,1.4718536793677433
f__57,23.517369183803513,30.665811981789037,2.461089824989919,-0.917712336754728,83.1693256554848,1.4870296351035877,1.8601149586880756
f__58,102.86002059305966,136.47374918550938,11.269760691217684,-2.9517007918178493,338.37083000234213,1.5226341677166864,1.8429654546559324
f__59,-134.31837050708427,180.92224930980493,14.500689304437142,-451.65536904446105,1.4785379821023712,1.569200466540192,1.7780817782989047
f__60,-36.75759035842002,45.74489209634514,3.604792498315132,-126.96149477056822,0.8604830765758823,1.447012757640834,1.903634591042606
f__61,-14.310863081529197,21.967337054131626,1.594505478899073,-56.28253299594812,2.540693419619043,1.9005783481044503,1.5330943734144153
f__62,-29.256672540005358,42.74503234021752,3.102668905652828,-117.43511802785216,1.9464281496686682,1.820135962574256,1.5822729826039903
f__63,-6.372500820792759,10.691484377801572,0.6546645310662407,-28.6612643949359,0.833944652286633,2.599613013301037,1.3367961576017298
f__64,-19.659582643745342,34.139084388733956,2.4284831733286087,-78.27389188240615,1.3242571332941562,2.4077973418897125,1.3924910152899501
f__65,-47.23821899932861,65.98137200551278,5.114018489183807,-170.76729215986904,2.229305322727791,1.6768545757465396,1.6796112450511562
f__66,-24.191035443184447,31.200139639344915,2.4754759451099866,-81.48245914287658,1.0838516117969517,1.5774502040474399,1.7678053806035212
f__67,-62.3777323224572,79.65297613958398,6.272149740985435,-221.85182349837146,0.8466665212717815,1.5370630176927305,1.8148197102857182
f__68,-20.936200951318412,31.449489194342576,2.0036009119813785,-87.09425053118798,1.737928184039535,2.152310694219808,1.4373807494282018
f__69,13.433107566139434,26.04776069649048,1.7244738896529885,-2.5821476064173177,58.86013879450397,3.06517989587387,1.2838773047217515
f__70,-32.29218574252631,51.21020121464657,3.5090780023921617,-134.0051416182476,2.264107564208082,1.9724197547424926,1.500195743358828
f__71,-15.668993489035357,20.325792094111257,1.4675819050883006,-60.65749304775366,1.6241725226346515,1.6600795181695711,1.6597505828676087
f__72,16.412057272341773,25.357038439511975,1.7933256991010065,-2.5207668581212492,61.4913130342998,2.0457340912809467,1.4912837728057107
f__73,-41.431583887379134,61.34672655787132,4.247367040799377,-168.2007921896233,0.7664889989891859,1.8776936262435024,1.542121767736206
f__74,16.77957854289529,25.40696561430418,1.755078602414215,-2.8526832002339586,71.84743096555302,1.7735234867907768,1.5925356728058
f__75,-6.215526786199528,8.798989415045982,0.6087663895973344,-24.649950405974955,1.0716189220582761,1.7821488286683813,1.581913965917224
f__76,-16.184812538132203,20.842430875371534,1.5720152821587878,-58.95986609841703,1.228016078850005,1.5310971658886687,1.7886202576081203
f__77,-141.8971487230295,187.5211816660159,14.787990054390411,-495.9019524869289,1.7412270113837378,1.5236506154895497,1.8168899849079934
f__78,-62.69148041113863,82.1852012186993,6.85312606517204,-206.49607058141444,1.473327544152262,1.4532102749500835,1.9240725611335137
f__79,-22.894845316876513,31.29988702566683,2.0786096450271727,-88.49714483483224,0.6101796715775778,1.9898679150811984,1.489978441429687
f__80,-13.942651288656782,19.661622871068033,1.4580082255249636,-55.004863346194455,1.2664778710591793,1.6985531075423053,1.6638909732947305
f__81,-28.235211159439576,35.64540112106632,2.8333599289844154,-99.23637093997706,1.1328801360082936,1.3905545271388537,1.9947344645451106
f__82,-8.312780749129812,13.905586264817911,0.9643018102737033,-34.35041101909574,2.521516075141651,2.2851815739817276,1.4122577774268987
f__83,14.713564372530215,23.600679861142883,1.4968929680184073,-2.5487422323684066,64.61375283637581,2.2053125025106906,1.4187604441922381
f__84,-15.52213636349657,20.556427752061683,1.530622755190533,-57.44715778107694,0.9454159799343308,1.621425993771629,1.7096662389130384
f__85,-16.05212732728738,29.648656910210118,2.0404452287888377,-71.39396202782227,2.410164472532258,2.613098549872215,1.3387450697109677
f__86,-8.773070736775884,11.85161893228105,0.8320571598745621,-33.58839093402505,1.2977221662237828,1.7216731849653462,1.6346836457048857
f__87,-26.728046174903955,40.23710767442543,3.105782042785317,-98.13224666153802,0.7951005075955546,1.9494796149123848,1.5325781402015028
f__88,-15.001534253960388,22.736025852361678,1.6293186767216423,-62.358502783586495,1.944495962326182,1.96085533872687,1.5242026846874412
f__89,-35.46772646975041,46.83239283206129,3.726625513258609,-128.3084518023927,1.3002511348868004,1.4969790562641838,1.8654542074783032
f__90,9.645316318643932,16.27646024061334,1.0062868555809923,-3.252597364978776,42.88415780817777,2.322016449828921,1.3932225342195417
f__91,6.487378342822703,10.770747750350754,0.7284394926420028,-3.341539617957807,28.02446626909805,1.920345508670035,1.536126541240562
f__92,16.67478068855722,26.704818576280505,1.960886092931742,-3.3159589214453846,69.90313680873228,2.140157749059678,1.4670365318694922
f__93,23.71698032555383,39.372348245765956,2.870065669903302,-4.411177584401971,104.59246774781101,2.0865692685342885,1.4717036488596318
f__94,21.356251652456102,28.47504480403855,2.233091057411049,-1.715084439772794,80.64561920460258,1.4633732588229134,1.8872243039399372
f__95,-27.365120997586224,37.47974713893908,2.7450812886561438,-100.44891886228046,1.0369486772257785,1.7138116382634385,1.6472701872069153
f__96,-70.53150415825304,111.630678040877,8.439644718548873,-265.5070259807724,1.6318627019789633,2.090791210915481,1.4765658588693706
f__97,-36.33262419070517,54.559216957728864,3.6870888102358728,-151.6728237598107,1.1956947764382175,2.078848937892464,1.4841118234216044
f__98,-25.994485992500195,37.99735488843576,3.0262331585292523,-89.30404588259997,0.790533259962659,1.7492131130464479,1.627131434584493
f__99,20.867414346929806,29.424948487495723,2.2301806985113846,-2.2039582531444153,78.3836804612496,1.6681296463252153,1.6920051593876677
probs__0,0.20030384815902047,0.22862042242923486,0.020228892357545467,2.220446049250313e-16,0.5371307132468043,1.564349228053876,1.8197060901339412
probs__1,0.7389050698229983,0.3032119473094387,0.028937824094065905,0.165021759589975,0.9999999999999998,1.306075582784575,2.378878554240807
probs__2,0.18858582626812023,0.2292434947644764,0.02186081220313253,2.220446049250313e-16,0.543948355469146,1.3134981905077057,2.228382496744972
probs__3,0.1960450976771681,0.24306253335614705,0.022926907105600296,2.220446049250313e-16,0.5948185065206332,1.3777495372439315,2.1576879143827115
probs__4,0.7090523746356237,0.28582486843341315,0.02502015754778774,0.17377420320291445,0.9999999999999998,1.2844555188635416,2.2913297795226444
probs__5,0.19336248749470622,0.2295711690059104,0.0202646241928092,2.220446049250313e-16,0.5719551094756978,1.7006769647973745,1.756890317751482
probs__6,0.1339074991549932,0.19525143858872365,0.017579420814108,2.220446049250313e-16,0.5168718156973409,1.8531873080201435,1.6653047334164408
probs__7,0.20385645361355492,0.23508110861110182,0.022376219189304478,2.220446049250313e-16,0.5627284197206096,1.3199378749293216,2.277516470837454
probs__8,0.7681978303206167,0.2754165938009585,0.026947570640112144,0.31665146243558057,0.9999999999999998,1.26635579874767,2.41907857216303
probs__9,0.7177307028446351,0.25427692009118036,0.02143309352479965,0.35196628923258444,0.9999999999999998,1.2718727294626049,2.2547119933289737
probs__10,0.7042415920531558,0.309912070562615,0.027710814508566585,0.11718935489703253,0.9999999999999998,1.5044566908686279,1.9521775590897232
probs__11,0.782250319175825,0.25535913135203014,0.024657708563351165,0.3875875140096768,0.9999999999999998,1.295370431854568,2.3127358759949233
probs__12,0.7669493023138131,0.27250768829126637,0.02663502053437458,0.3463121754022487,0.9999999999999998,1.2397553804957995,2.5367408293463107
probs__13,0.6932867067177398,0.31998847758425364,0.02909846030913702,0.169386276493149,0.9999999999999998,1.2814030349787158,2.342195642562191
probs__14,0.16343643519843723,0.2095288319329976,0.01910782309375042,2.220446049250313e-16,0.5191454351711121,1.4773075578989403,1.9619715465238539
probs__15,0.20754790294948366,0.25204622994118275,0.023905166316166727,2.220446049250313e-16,0.6196306213523199,1.3446707898543575,2.2306101191017684
probs__16,0.746260829813263,0.264910465381693,0.02475938438023523,0.34158098013386373,0.9999999999999998,1.2247708113384919,2.5839180217576274
probs__17,0.23384290023805565,0.2557825929634065,0.02441334895456787,2.220446049250313e-16,0.6031623718084502,1.2217535334995784,2.644595620623344
probs__18,0.7946894727777872,0.2477413354073334,0.02392364404431896,0.4162300611346902,0.9999999999999998,1.3106009193580295,2.2527088441253604
probs__19,0.19628378819512954,0.2335480264649966,0.022915254661635274,2.220446049250313e-16,0.5332112957864535,1.2796264960961232,2.4016744892133897
probs__20,0.15687860008803245,0.2022293894400678,0.018664091058971446,2.220446049250313e-16,0.5126290364048744,1.4332247352485052,1.9914796243264827
probs__21,0.16045854931062806,0.20845402263948162,0.01967411470009446,2.220446049250313e-16,0.5224947794628609,1.528676151766698,1.9410627442894621
probs__22,0.771835857644195,0.252432348479785,0.023948588471558133,0.36708021075293534,0.9999999999999998,1.1475312327377751,3.0351912583444305
probs__23,0.18160198483396717,0.22935220216350027,0.02183565869956041,2.220446049250313e-16,0.5648135614055106,1.4193568502141563,2.0818745720236294
probs__24,0.1539008441152072,0.20970728427115953,0.019954256527676052,2.220446049250313e-16,0.5139027368205936,1.71168603349974,1.7921745322971037
probs__25,0.20923941798136472,0.24818012655504032,0.023431538829513435,2.220446049250313e-16,0.5866650968669417,1.3251888014160655,2.2666503522371135
probs__26,0.16863857848850483,0.22587659205880448,0.021000586384928185,2.220446049250313e-16,0.5481884306818968,1.5817284955559607,1.874909804232511
probs__27,0.1624401446002458,0.21574177556375077,0.020395814914693985,2.220446049250313e-16,0.5230372778024209,1.5652659145714098,1.8977219951155249
probs__28,0.2162354330122208,0.2536276807070024,0.024936912257984147,2.220446049250313e-16,0.5787458010717722,1.2778738742424804,2.4315887296695426
probs__29,0.18153361064320198,0.22073089196828408,0.021280132965757304,2.220446049250313e-16,0.5232617501687385,1.3445678958388227,2.228001764571911
probs__30,0.19378023107546494,0.22329867457330568,0.02048639681070917,2.220446049250313e-16,0.5428369804503436,1.3666962324610732,2.1073556516366034
probs__31,0.7511081742043266,0.2803182369980639,0.026408913754114353,0.2903917140961966,0.9999999999999998,1.2981404039608866,2.338452113983384
probs__32,0.2288933939469053,0.23896651369644448,0.02214926521308739,2.220446049250313e-16,0.569888843982109,1.1983505705723332,2.656468515359973
probs__33,0.1610526926215838,0.2220989905918578,0.020705123979946678,2.220446049250313e-16,0.5368701727991507,1.8559274349569448,1.678841244362868
probs__34,0.1886358799693002,0.22835905140469812,0.022229168038653616,2.220446049250313e-16,0.5363699979993726,1.3566613565519785,2.264951469060844
probs__35,0.7766225774263733,0.2715549979114791,0.02651338175699792,0.3329005040043392,0.9999999999999998,1.3183742276848607,2.2759677332776596
probs__36,0.19229599471974546,0.22515812338866928,0.02106412912269176,2.220446049250313e-16,0.5470383014561382,1.3666415944034125,2.1884466322075173
probs__37,0.25035997446719865,0.2535704813321348,0.022230667725447305,2.220446049250313e-16,0.6094915284654353,1.3398610367900694,2.1290288978395018
probs__38,0.16623564016151132,0.22180312486679546,0.020516885723979427,2.220446049250313e-16,0.5617613917535633,1.6222265030855028,1.8053108563208873
probs__39,0.12917137905745274,0.20005780097271247,0.017929331801260474,2.220446049250313e-16,0.519320793866222,2.2770944549901753,1.5405628656635535
probs__40,0.1831692170488546,0.2348333339495691,0.02142584977114835,2.220446049250313e-16,0.5652147241993422,1.7766408814588552,1.7267726067754656
probs__41,0.19220519880878462,0.21951699496659013,0.0208426806177196,2.220446049250313e-16,0.5276597575304677,1.2035545482229515,2.707441653087226
probs__42,0.19102703322710915,0.2279207665767583,0.02220204498579245,2.220446049250313e-16,0.5248963836337519,1.279424916507403,2.348115947724354
probs__43,0.7270057760713132,0.24275233011502953,0.01763006360314274,0.3724543209193362,0.9999999999999998,1.9159614357014425,1.5210251741793828
probs__44,0.21423565512314585,0.23053030652807743,0.021816743046584285,2.220446049250313e-16,0.5467928465573051,1.191048453138432,2.7634915785065286
probs__45,0.20677496801201856,0.2513028396823551,0.02423396552415258,2.220446049250313e-16,0.6156637500262833,1.3917898962189197,2.180073842149297
probs__46,0.22782613775431634,0.23031136911571984,0.018742853143088486,2.220446049250313e-16,0.5644829619004731,1.4228496890705484,1.940203461322918
probs__47,0.762928677421528,0.2484536589069394,0.021761122909842334,0.39109150993591046,0.9999999999999998,1.5526295959395726,1.8356989745527608
probs__48,0.20936991373555916,0.2500903977564466,0.024222782343800577,2.220446049250313e-16,0.6130501257585093,1.2944312746373157,2.361031087435872
probs__49,0.8027501689130896,0.23812440779981514,0.023042287182536533,0.4447579257090579,0.9999999999999998,1.3004986958198046,2.293042958546529
probs__50,0.732327206591188,0.2918608214016459,0.02835173485228673,0.23835994306438096,0.9999999999999998,1.1396288553480236,3.28698375584925
probs__51,0.15730577389242265,0.20358467120563045,0.019174595308896966,2.220446049250313e-16,0.5072591795645599,1.4607077551925067,1.986629571779568
probs__52,0.2124071436486096,0.23272433893272038,0.022105394640719717,2.220446049250313e-16,0.5447564333490302,1.2286730696919843,2.569258836869629
probs__53,0.7940652296111382,0.24353288305132587,0.02316293050201689,0.4304894741414592,0.9999999999999998,1.3502775135425522,2.1881944038838133
probs__54,0.1478661863358187,0.22352001676192468,0.02062432203330766,2.220446049250313e-16,0.5542174581081669,2.373178803583358,1.552999337974366
probs__55,0.21054188871396068,0.24513715262495117,0.023702700171130044,2.220446049250313e-16,0.5726116242229257,1.2421512782924855,2.5149094636168834
probs__56,0.18499572401176365,0.22213388480698712,0.020913897447838087,2.220446049250313e-16,0.5537142341468303,1.3476344643286005,2.2644184034880785
probs__57,0.7919039212876047,0.2405080675587081,0.023593166747556748,0.4453250682301105,0.9999999999999998,1.2194152897875377,2.6005330670854097
probs__58,0.7734282052342302,0.27293063135392404,0.026425939191542246,0.3290247467043152,0.9999999999999998,1.3089345174232623,2.329767241800912
probs__59,0.16605740151167017,0.22408568120587857,0.02107114002052769,2.220446049250313e-16,0.5586769544880288,1.6103187010654707,1.8527218237857088
probs__60,0.18771809582626972,0.22732528883133976,0.02215287530933581,2.220446049250313e-16,0.5312007432407256,1.336164322859937,2.2877246892049956
probs__61,0.2402320745277466,0.2626991197171897,0.024878203228041403,2.220446049250313e-16,0.6673350719776687,1.2319617326428336,2.584077163313925
probs__62,0.19620101906995052,0.23469725842527558,0.021964949362248305,2.220446049250313e-16,0.5488795332086028,1.3825133342876068,2.108425266408358
probs__63,0.22401200147382835,0.2283935353051637,0.019047554362184305,2.220446049250313e-16,0.5409217050048244,1.6267885710595689,1.7115910234345622
probs__64,0.22454776486817637,0.2506008123628499,0.02329785683384294,2.220446049250313e-16,0.6472822171195793,1.2456511442863134,2.449878711824278
probs__65,0.18803472937800594,0.2315967277939314,0.021983806019427836,2.220446049250313e-16,0.5531061032914174,1.3538434734992457,2.1890717252098795
probs__66,0.20437977864236126,0.24381049252178424,0.023798933441620575,2.220446049250313e-16,0.5494573122546306,1.3006246416690905,2.329482772288804
probs__67,0.14893312202455844,0.2005533263742649,0.018740004466648308,2.220446049250313e-16,0.508633918711901,1.6037924852557344,1.8573084807314237
probs__68,0.1699442084160329,0.22331774713337588,0.01977975731046057,2.220446049250313e-16,0.5660626104689452,1.9181418539768154,1.6358419478129118
probs__69,0.7563217738392148,0.2809478930440647,0.025387683782325948,0.21125918301466895,0.9999999999999998,1.6202639063951616,1.842800377173348
probs__70,0.218311118649669,0.25531987097168807,0.023641320238786435,2.220446049250313e-16,0.6466995670831426,1.317879406775359,2.261797610289472
probs__71,0.19379199115394946,0.23258153188939126,0.022069513091297552,2.220446049250313e-16,0.5428961302692349,1.3786720175126774,2.0943726491652788
probs__72,0.7981289188570252,0.23907979094619053,0.022498410969009633,0.4122595733381177,0.9999999999999998,1.3884620272780714,2.1373835719962884
probs__73,0.15986105222475305,0.22300407233466338,0.02072838629246655,2.220446049250313e-16,0.5541631579527863,1.9565893645155255,1.6692079182933803
probs__74,0.7405418385873505,0.29253791311106486,0.028279050551495526,0.21235170103668657,0.9999999999999998,1.2505423548165155,2.565796959103445
probs__75,0.21939483060241632,0.22335059948286862,0.020219564557285723,2.2204460493332273e-16,0.5312180834799161,1.2623074442574136,2.3335493160403225
probs__76,0.1983681288734666,0.2359049242636694,0.02264403320773261,2.220446049250313e-16,0.5585700140504632,1.369348315553436,2.242541499946412
probs__77,0.13729748743370046,0.20044858831487555,0.01810902661899188,2.220446049250313e-16,0.5163303248364788,1.8423432365243462,1.662772874396746
probs__78,0.22913109554564087,0.26061572144473044,0.025338099662920804,2.220446049250313e-16,0.6342302943239438,1.1958148244264442,2.772224024757179
probs__79,0.15514196404333253,0.21132203643025493,0.019419207467950138,2.220446049250313e-16,0.5119206714730438,1.8514674317940565,1.6660884594084708
probs__80,0.218716538814525,0.24495371687251982,0.023214414481036005,2.220446049250313e-16,0.6024003240715011,1.2540541251999238,2.476019303471856
probs__81,0.20003347769479987,0.2347994959228687,0.022643279766159298,2.220446049250313e-16,0.5595195239957794,1.2541513634935657,2.4782152447885233
probs__82,0.2391552740788391,0.24109131493555092,0.021542298907443393,2.220446049250313e-16,0.5839845856003427,1.2972330835401067,2.2787586012762766
probs__83,0.7547675740983283,0.2764308319309056,0.025285832261914064,0.3322325801543084,0.9999999999999998,1.486405226100058,1.9544991515693058
probs__84,0.20056058631226617,0.23448779765002595,0.022656160767100544,2.220446049250313e-16,0.5511196788132536,1.302498117790718,2.3503385378516866
probs__85,0.24208948796921742,0.25912709172172615,0.022926297281537007,2.220446049250313e-16,0.6368590847902279,1.327091665138957,2.1880000328606957
probs__86,0.19870300460623982,0.22403856570798197,0.020709946142862087,2.220446049250313e-16,0.5334481039140269,1.4356189332497873,2.026185820625449
probs__87,0.1798959256106574,0.2174861871593481,0.02091069393939552,2.220446049250313e-16,0.5280892331038944,1.3513680385608315,2.246530735847245
probs__88,0.20471395514702972,0.2359557152196813,0.022209796858800278,2.220446049250313e-16,0.5717068742652506,1.364583414044738,2.192713364509346
probs__89,0.2084907092914523,0.23980230403058694,0.023130733257964407,2.220446049250313e-16,0.5688089566372901,1.2144714485587507,2.672595667191101
probs__90,0.7473356767278632,0.28278749547873666,0.025424127596858442,0.18958108461360904,0.9999999999999998,1.608217402119104,1.8302019072180118
probs__91,0.6864096448692754,0.3005788163556004,0.02772521498615581,0.18269868108989645,0.9999999999999998,1.1851173292891763,2.705565381459181
probs__92,0.7485668965556214,0.2868440024492392,0.026934696389001388,0.26777337498059434,0.9999999999999998,1.3984952704587892,2.1264592810899017
probs__93,0.715849742317998,0.3099242340045194,0.029444253052468457,0.20807931749858022,0.9999999999999998,1.1960083811789588,2.7872525426364776
probs__94,0.7466554798793893,0.2782960550595803,0.027182181330602746,0.3045405171512826,0.9999999999999998,1.1521965584578595,3.2012791369172717
probs__95,0.16324750531430643,0.2099361808433008,0.019264173711601076,2.220446049250313e-16,0.5166606399648783,1.5174434285184788,1.9145844205465667
probs__96,0.16815729928739898,0.24601180265542144,0.023508504076976175,2.220446049250313e-16,0.6173653929928126,2.1080046909562404,1.637475502567171
probs__97,0.15501442067544863,0.2141004020415117,0.0194256349471795,2.220446049250313e-16,0.5412389941980867,1.8103946330298055,1.6977618645701817
probs__98,0.2087818497886156,0.2326485375636073,0.022663248497161732,2.220446049250313e-16,0.5422384668592743,1.1675894171147265,2.940324141725733
probs__99,0.7676907522433801,0.2632023718703338,0.025203845986172917,0.36489267060188535,0.9999999999999998,1.219900756230909,2.5737951975531215
